书名,作者,出版社,出版时间,价格,评分,评价人数,简介,书籍链接,出版年份,主要作者,译者编者,评价区间,价格区间,出版年代,评分等级,出版社热度,作者热度,热度指数,简介关键词
红楼梦,[清] 曹雪芹 著,人民文学出版社,1996-12,59.7,9.6,455918,都云作者痴，谁解其中味？,https://book.douban.com/subject/1007305/,1996.0,[清] 曹雪芹 著,,10-50万,40-60元,1990.0年代,9分以上神作,20,1,54.32531269273922,"['都云作者', '谁解其中']"
活着,余华,作家出版社,2012-8,28.0,9.4,901066,生的苦难与伟大,https://book.douban.com/subject/4913064/,2012.0,余华,,50-100万,20-40元,2010.0年代,9分以上神作,4,3,55.97471206564569,"['生的苦难', '与伟大']"
哈利·波特,J.K.罗琳 (J.K.Rowling),苏农,人民文学出版社,1.0,9.7,130202,从9¾站台开始的旅程,https://book.douban.com/subject/24531956/,,J.K.罗琳 (J.K.Rowling),,10-50万,0-20元,未知,9分以上神作,1,1,49.611791257099995,"['站台开始', '的旅程']"
1984,[英] 乔治·奥威尔,刘绍铭,北京十月文艺出版社,1.0,9.4,306791,栗树荫下，我出卖你，你出卖我,https://book.douban.com/subject/4820710/,,[英] 乔治·奥威尔,,10-50万,0-20元,未知,9分以上神作,1,2,51.57632058128487,"['你出卖我', '栗树荫下', '我出卖你']"
三体全集,刘慈欣,重庆出版社,2012-1,168.0,9.5,211061,地球往事三部曲,https://book.douban.com/subject/6518605/,2012.0,刘慈欣,,10-50万,100元以上,2010.0年代,9分以上神作,1,2,50.58187591907171,"['地球往事', '三部曲']"
百年孤独,[哥伦比亚] 加西亚·马尔克斯,范晔,南海出版公司,6.0,9.3,464974,魔幻现实主义文学代表作,https://book.douban.com/subject/6082808/,,[哥伦比亚] 加西亚·马尔克斯,,10-50万,0-20元,未知,9分以上神作,1,3,52.707086622432136,"['代表作', '主义文学', '魔幻现实']"
飘,[美国] 玛格丽特·米切尔,李美华,译林出版社,9.0,9.3,225529,革命时期的爱情，随风而逝,https://book.douban.com/subject/1068920/,,[美国] 玛格丽特·米切尔,,10-50万,0-20元,未知,9分以上神作,1,1,49.78478226644555,"['的爱情', '随风而逝', '革命时期']"
动物农场,[英] 乔治·奥威尔,荣如德,上海译文出版社,3.0,9.3,177016,太阳底下并无新事,https://book.douban.com/subject/2035179/,,[英] 乔治·奥威尔,,10-50万,0-20元,未知,9分以上神作,3,2,48.80651646246576,"['并无新事', '太阳底下']"
房思琪的初恋乐园,林奕含,北京联合出版公司,2018-2,45.0,9.2,415662,向死而生的文学绝唱,https://book.douban.com/subject/27614904/,2018.0,林奕含,,10-50万,40-60元,2010.0年代,9分以上神作,2,1,51.69241097096881,"['向死而生', '的文学绝']"
三国演义（全二册）,[明] 罗贯中,人民文学出版社,1998-05,39.5,9.3,180488,是非成败转头空,https://book.douban.com/subject/1019568/,1998.0,[明] 罗贯中,,10-50万,20-40元,1990.0年代,9分以上神作,20,1,48.88496949242238,"['转头空', '是非成败']"
福尔摩斯探案全集（上中下）,[英] 阿·柯南道尔,丁钟华 等,群众出版社,8.0,9.3,143539,名侦探的代名词,https://book.douban.com/subject/1040211/,,[英] 阿·柯南道尔,,10-50万,0-20元,未知,9分以上神作,1,1,47.95982022146676,"['代名词', '名侦探的']"
白夜行,[日] 东野圭吾,刘姿君,南海出版公司,1.0,9.2,520287,一宗离奇命案牵出跨度近20年步步惊心的故事,https://book.douban.com/subject/10554308/,,[日] 东野圭吾,,50-100万,0-20元,未知,9分以上神作,1,4,52.58943536685983,"['一宗离奇', '跨度近', '命案牵出']"
小王子,[法国] 安东尼·德·圣-埃克苏佩里,马振骋,人民文学出版社,8.0,9.1,791005,献给长成了大人的孩子们,https://book.douban.com/subject/1084336/,,[法国] 安东尼·德·圣-埃克苏佩里,,50-100万,0-20元,未知,9分以上神作,1,1,53.6734309812909,"['孩子们', '献给长成', '了大人的']"
呐喊,鲁迅,人民文学出版社,1973-3,0.36,9.2,174589,新文学的第一声呐喊,https://book.douban.com/subject/1449351/,1973.0,鲁迅,,10-50万,0-20元,1970.0年代,9分以上神作,20,6,48.226555272611684,"['新文学的', '第一声呐']"
邓小平时代,【美】傅高义 (Ezra.F.Vogel),冯克利,生活·读书·新知三联书店,18.0,9.3,84002,个人命运背后的历史变局,https://book.douban.com/subject/20424526/,,【美】傅高义 (Ezra.F.Vogel),,5-10万,0-20元,未知,9分以上神作,1,1,45.7958935244374,"['背后的历', '个人命运', '史变局']"
安徒生童话故事集,（丹麦）安徒生,叶君健,人民文学出版社,8.0,9.3,142191,为了争取未来的一代,https://book.douban.com/subject/1046209/,,（丹麦）安徒生,,10-50万,0-20元,未知,9分以上神作,2,1,47.921710609341496,"['未来的一', '为了争取']"
撒哈拉的故事,三毛,哈尔滨出版社,2003-8,15.8,9.2,193969,游荡的自由灵魂,https://book.douban.com/subject/1060068/,2003.0,三毛,,10-50万,0-20元,2000.0年代,9分以上神作,4,6,48.64713740668082,"['游荡的自', '由灵魂']"
天龙八部,金庸,生活·读书·新知三联书店,1994-5,96.0,9.2,139440,有情皆孽，无人不冤,https://book.douban.com/subject/1255625/,1994.0,金庸,,10-50万,60-100元,1990.0年代,9分以上神作,13,6,47.32836384173782,"['有情皆孽', '无人不冤']"
失踪的孩子,[意] 埃莱娜·费兰特,陈英,人民文学出版社,7.0,9.2,97510,我的整个生命，只是一场为了提升社会地位的低俗斗争。,https://book.douban.com/subject/30172069/,,[意] 埃莱娜·费兰特,,5-10万,0-20元,未知,9分以上神作,4,4,45.89925223923162,"['我的整个', '生命', '为了提升']"
新名字的故事,[意] 埃莱娜·费兰特,陈英,人民文学出版社,4.0,9.2,108577,探索青年时代的激情、困惑、挣扎、背叛和失去,https://book.douban.com/subject/26986954/,,[意] 埃莱娜·费兰特,,10-50万,0-20元,未知,9分以上神作,4,4,46.32878810830225,"['探索青年', '背叛和失', '困惑']"
杀死一只知更鸟,[美] 哈珀·李,高红梅,译林出版社,9.0,9.2,160122,有一种东西不能遵循从众原则，那就是——人的良心,https://book.douban.com/subject/6781808/,,[美] 哈珀·李,,10-50万,0-20元,未知,9分以上神作,1,1,47.88094925530813,"['有一种东', '循从众原', '西不能遵']"
明朝那些事儿（1-9）,当年明月,中国海关出版社,2009-4,358.2,9.2,197413,不拘一格的历史书写,https://book.douban.com/subject/3674537/,2009.0,当年明月,,10-50万,100元以上,2000.0年代,9分以上神作,1,1,48.71745688477959,"['不拘一格', '的历史书']"
卡拉马佐夫兄弟,[俄] 费奥多尔·陀思妥耶夫斯基,荣如德,上海译文出版社,1.0,9.6,48650,,https://book.douban.com/subject/25887924/,,[俄] 费奥多尔·陀思妥耶夫斯基,,1-5万,0-20元,未知,9分以上神作,3,1,44.995995308201955,[]
野草,鲁迅,人民文学出版社,1973-3,0.2,9.5,54291,我以这一丛野草，在明与暗，生与死，过去与未来之际，献于友与仇，人与兽，爱者与不爱者之前作证。,https://book.douban.com/subject/1915958/,1973.0,鲁迅,,5-10万,0-20元,1970.0年代,9分以上神作,20,6,44.97991449056374,"['爱者与不', '在明与暗', '作证']"
沉默的大多数,王小波,中国青年出版社,1997-10,27.0,9.1,159731,沉默是沉默者的通行证,https://book.douban.com/subject/1054685/,1997.0,王小波,,10-50万,20-40元,1990.0年代,9分以上神作,2,4,47.3508418162841,"['沉默是沉', '行证', '默者的通']"
中国历代政治得失,钱穆,生活·读书·新知三联书店,2001,12.0,9.2,81419,一部简明的“中国政治制度史”,https://book.douban.com/subject/1003479/,2001.0,钱穆,,5-10万,0-20元,2000.0年代,9分以上神作,13,1,45.17867702887493,"['制度史', '一部简明', '中国政治']"
悉达多,[德] 赫尔曼·黑塞,姜乙,天津人民出版社,1.0,9.1,166867,,https://book.douban.com/subject/26980487/,,[德] 赫尔曼·黑塞,,10-50万,0-20元,未知,9分以上神作,2,2,47.5235711687062,[]
罗杰疑案,[英] 阿加莎·克里斯蒂,常禾,新星出版社,3.0,9.2,94900,,https://book.douban.com/subject/21371175/,,[英] 阿加莎·克里斯蒂,,5-10万,0-20元,未知,9分以上神作,1,3,45.79084915433109,[]
我与地坛,史铁生,春风文艺出版社,2002-5,25.0,9.2,126962,这是你的罪孽与福祉,https://book.douban.com/subject/1209899/,2002.0,史铁生,,10-50万,20-40元,2000.0年代,9分以上神作,1,1,46.95379854720399,"['罪孽与福', '这是你的']"
局外人,[法] 阿尔贝·加缪,柳鸣九,上海译文出版社,8.0,9.1,265901,人生在世，永远也不该演戏作假,https://book.douban.com/subject/4908885/,,[法] 阿尔贝·加缪,,10-50万,0-20元,未知,9分以上神作,1,2,49.36495173271972,"['该演戏作', '永远也不', '人生在世']"
许三观卖血记,余华,作家出版社,2012-9,24.0,9.2,195432,,https://book.douban.com/subject/4760224/,2012.0,余华,,10-50万,20-40元,2010.0年代,9分以上神作,4,3,48.67716022384087,[]
彷徨,鲁迅,人民文学出版社,1973-3,0.37,9.3,73342,路漫漫其修远兮，吾将上下而求索,https://book.douban.com/subject/1449348/,1973.0,鲁迅,,5-10万,0-20元,1970.0年代,9分以上神作,20,6,45.247780563667,"['修远兮', '路漫漫其', '而求索']"
白鹿原,陈忠实,人民文学出版社,2012-9,39.0,9.2,123662,一轴关于我们民族灵魂的现实主义画卷,https://book.douban.com/subject/10564071/,2012.0,陈忠实,,10-50万,20-40元,2010.0年代,9分以上神作,20,1,46.84857364825932,"['一轴关于', '实主义画', '我们民族']"
人类简史,[以色列] 尤瓦尔·赫拉利,林俊宏,中信出版社,11.0,9.1,212259,跟着人类一同走过十万年,https://book.douban.com/subject/25985021/,,[以色列] 尤瓦尔·赫拉利,,10-50万,0-20元,未知,9分以上神作,1,1,48.47448163593754,"['十万年', '一同走过', '跟着人类']"
平凡的世界（全三部）,路遥,人民文学出版社,2005-1,64.0,9.0,338143,中国当代城乡生活全景,https://book.douban.com/subject/1200840/,2005.0,路遥,,10-50万,60-100元,2000.0年代,9分以上神作,20,1,49.7619036125429,"['全景', '城乡生活', '中国当代']"
乡土中国,费孝通,上海人民出版社,2006-4,38.0,9.2,104582,中国乡土社会传统文化和社会结构理论研究代表作,https://book.douban.com/subject/1795079/,2006.0,费孝通,,10-50万,20-40元,2000.0年代,9分以上神作,2,1,46.17900387479093,"['会结构理', '社会传统', '论研究代']"
围城,钱锺书,人民文学出版社,1991-2,19.0,9.0,459063,,https://book.douban.com/subject/1008145/,1991.0,钱锺书,,10-50万,0-20元,1990.0年代,9分以上神作,20,1,50.95685061444019,[]
笑傲江湖（全四册）,金庸,生活·读书·新知三联书店,1994-5,76.8,9.1,117126,欲练此功，必先自宫,https://book.douban.com/subject/1002299/,1994.0,金庸,,10-50万,60-100元,1990.0年代,9分以上神作,13,6,46.12474513771817,"['必先自宫', '欲练此功']"
献给阿尔吉侬的花束,[美] 丹尼尔·凯斯,陈澄和,广西师范大学出版社,4.0,9.1,131697,当声称能改造智能的科学实验选中心智障碍主角,https://book.douban.com/subject/26362836/,,[美] 丹尼尔·凯斯,,10-50万,0-20元,未知,9分以上神作,1,1,46.5881405265304,"['当声称能', '智障碍主', '验选中心']"
肖申克的救赎,[美] 斯蒂芬·金,施寄青,人民文学出版社,7.0,9.1,128625,豆瓣电影Top1原著,https://book.douban.com/subject/1829226/,,[美] 斯蒂芬·金,,10-50万,0-20元,未知,9分以上神作,1,1,46.494861028711455,"['豆瓣电影', '原著']"
东方快车谋杀案,[英] 阿加莎·克里斯蒂,陈尧光,人民文学出版社,5.0,9.1,150846,谋杀诡计惊人，波洛的抉择耐人寻味,https://book.douban.com/subject/1827374/,,[英] 阿加莎·克里斯蒂,,10-50万,0-20元,未知,9分以上神作,1,3,47.12465756570455,"['波洛的抉', '惊人', '谋杀诡计']"
城南旧事,林海音 文,中国青年出版社,2003-7,16.0,9.1,168912,长亭外，古道边，芳草碧连天,https://book.douban.com/subject/1254588/,2003.0,林海音 文,,10-50万,0-20元,2000.0年代,9分以上神作,2,1,47.57171058831809,"['长亭外', '芳草碧连', '古道边']"
故事新编,鲁迅,人民文学出版社,1973-12-01,0.31,9.4,50293,拾取古代传说，取一点因由，随意点染,https://book.douban.com/subject/2046909/,1973.0,鲁迅,,5-10万,0-20元,1970.0年代,9分以上神作,20,6,44.19417089718927,"['随意点染', '传说', '取一点因']"
江城,[美] 彼得·海斯勒,李雪顺,上海译文出版社,1.0,9.1,69065,外国人眼中的涪陵,https://book.douban.com/subject/7060185/,,[美] 彼得·海斯勒,,5-10万,0-20元,未知,9分以上神作,2,2,44.03724794694576,"['外国人眼', '中的涪陵']"
基督山伯爵,[法国] 大仲马,周克希,上海译文出版社,1.0,9.1,136350,一个报恩复仇的故事，以法国波旁王朝和七月王朝为背景,https://book.douban.com/subject/1085860/,,[法国] 大仲马,,10-50万,0-20元,未知,9分以上神作,1,1,46.7253617947266,"['为背景', '一个报恩', '复仇的故']"
朝花夕拾,鲁迅,人民文学出版社,1973-4,0.25,9.1,169789,在纷扰中寻出一点闲静,https://book.douban.com/subject/1449352/,1973.0,鲁迅,,10-50万,0-20元,1970.0年代,9分以上神作,20,6,47.59217690945459,"['闲静', '在纷扰中', '寻出一点']"
霍乱时期的爱情,[哥伦比亚] 加西亚·马尔克斯,杨玲,南海出版公司,1.0,9.0,306477,义无反顾地直达爱情的核心,https://book.douban.com/subject/10594787/,,[哥伦比亚] 加西亚·马尔克斯,,10-50万,0-20元,未知,9分以上神作,1,3,49.377580990502416,"['地直达爱', '情的核心', '义无反顾']"
万历十五年,[美] 黄仁宇,生活·读书·新知三联书店,1997-5,18.0,9.0,214851,见微知著，历史观的颠覆,https://book.douban.com/subject/1041482/,1997.0,[美] 黄仁宇,,10-50万,0-20元,1990.0年代,9分以上神作,13,1,47.98923641459838,"['见微知著', '历史观的', '颠覆']"
秋园,杨本芬,北京联合出版公司,2020-6,38.0,9.0,141981,,https://book.douban.com/subject/34998019/,2020.0,杨本芬,,10-50万,20-40元,2020.0年代,9分以上神作,2,1,46.37007207603033,[]
艺术的故事,[英] 贡布里希 (Sir E.H.Gombrich),范景中,广西美术出版社,4.0,9.5,28813,从最早的洞窟绘画到当今的实验艺术,https://book.douban.com/subject/3162991/,,[英] 贡布里希 (Sir E.H.Gombrich),,1-5万,0-20元,未知,9分以上神作,1,1,42.36609055270407,"['实验艺术', '洞窟绘画', '到当今的']"
置身事内,兰小欢,上海人民出版社,2021-8,65.0,9.1,100654,,https://book.douban.com/subject/35546622/,2021.0,兰小欢,,10-50万,60-100元,2020.0年代,9分以上神作,2,1,45.5257624501102,[]
月亮和六便士,[英] 毛姆,傅惟慈,上海译文出版社,8.0,9.0,222182,有多少人会经历顿悟，就有更少的人甘愿自我放逐,https://book.douban.com/subject/1858513/,,[英] 毛姆,,10-50万,0-20元,未知,9分以上神作,1,2,48.120379846277515,"['的人甘愿', '就有更少', '自我放逐']"
厌女,上野千鹤子,王兰,上海三联书店,1.0,9.1,93528,,https://book.douban.com/subject/25836270/,,上野千鹤子,,5-10万,0-20元,未知,9分以上神作,1,1,45.235568992289096,[]
射雕英雄传,金庸,生活·读书·新知三联书店,1999-04,47.0,9.1,91136,侠之大者，为国为民,https://book.douban.com/subject/1044547/,1999.0,金庸,,5-10万,40-60元,1990.0年代,9分以上神作,13,6,45.133178665890995,"['为国为民', '侠之大者']"
西游记（全二册）,吴承恩,黄肃秋 注释,人民文学出版社,8.0,9.1,99951,神魔皆有人情，精魅亦通世故,https://book.douban.com/subject/1029553/,,吴承恩,,5-10万,0-20元,未知,9分以上神作,1,1,45.49806300630297,"['神魔皆有', '世故', '精魅亦通']"
追风筝的人,[美] 卡勒德·胡赛尼,李继宏,上海人民出版社,5.0,8.9,820790,为你，千千万万遍,https://book.douban.com/subject/1770782/,,[美] 卡勒德·胡赛尼,,50-100万,0-20元,未知,8.5-9分优秀,2,2,52.63666530394826,"['为你', '千千万万']"
树上的男爵,[意大利]伊塔洛·卡尔维诺,吴正仪,译林出版社,1.0,9.1,69576,是不是真的只有先与人疏离，才能最终与他们在一起？,https://book.douban.com/subject/6789605/,,[意大利]伊塔洛·卡尔维诺,,5-10万,0-20元,未知,9分以上神作,3,1,44.06638105930609,"['的只有先', '才能最终', '一起']"
无人生还,[英] 阿加莎・克里斯蒂,祁阿红,人民文学出版社,3.0,9.0,164111,童谣杀人案,https://book.douban.com/subject/3006581/,,[英] 阿加莎・克里斯蒂,,10-50万,0-20元,未知,9分以上神作,1,1,46.93623922650856,['童谣杀人']
寻路中国,[美] 彼得·海斯勒,李雪顺,上海译文出版社,1.0,9.0,60741,《纽约客》驻北京记者驾车漫游中国大陆的经历,https://book.douban.com/subject/5414391/,,[美] 彼得·海斯勒,,5-10万,0-20元,未知,9分以上神作,2,2,43.051337438226426,"['陆的经历', '者驾车漫', '游中国大']"
格林童话全集,[德]格林兄弟,魏以新,人民文学出版社,11.0,9.1,100752,一本有教育意义的书,https://book.douban.com/subject/1043008/,,[德]格林兄弟,,10-50万,0-20元,未知,9分以上神作,1,1,45.52960845121768,"['育意义的', '一本有教']"
刀锋,[英]毛姆,周煦良,上海译文出版社,3.0,9.0,100196,一把刀的锋刃不容易越过；因此智者说得救之道是困难的,https://book.douban.com/subject/2035162/,,[英]毛姆,,10-50万,0-20元,未知,9分以上神作,1,1,45.00765345672092,"['易越过', '锋刃不容', '因此智者']"
中国少年儿童百科全书（全四册）,林崇德 主编,浙江教育出版社,1991-4,168.0,9.4,20884,,https://book.douban.com/subject/1028409/,1991.0,林崇德 主编,,1-5万,100元以上,1990.0年代,9分以上神作,1,1,40.60624863466357,[]
可能性的艺术,刘瑜,广西师范大学出版社,2022-4,82.0,9.2,49031,,https://book.douban.com/subject/35819419/,2022.0,刘瑜,,1-5万,60-100元,2020.0年代,9分以上神作,5,2,43.15233090814606,[]
太白金星有点烦,马伯庸,湖南文艺出版社,2023-6,45.0,9.0,141958,,https://book.douban.com/subject/36328704/,2023.0,马伯庸,,10-50万,40-60元,2020.0年代,9分以上神作,3,2,46.369438848767075,[]
鼠疫,[法] 阿尔贝·加缪,刘方,上海译文出版社,8.0,9.1,92047,用别样的监禁生活再现某种监禁生活，与用不存在的事表现真事同等合理,https://book.douban.com/subject/24257229/,,[法] 阿尔贝·加缪,,5-10万,0-20元,未知,9分以上神作,1,2,45.17248771057963,"['等合理', '用别样的', '与用不存']"
嫌疑人X的献身,[日] 东野圭吾,刘子倩,南海出版公司,9.0,8.9,547523,数学好是一种极致的浪漫,https://book.douban.com/subject/3211779/,,[日] 东野圭吾,,50-100万,0-20元,未知,8.5-9分优秀,1,4,51.07178107042383,"['的浪漫', '一种极致', '数学好是']"
傲慢与偏见,[英] 奥斯丁,张玲,人民文学出版社,7.0,8.9,241840,所有现代言情小说的母体,https://book.douban.com/subject/1083428/,,[英] 奥斯丁,,10-50万,0-20元,未知,8.5-9分优秀,1,1,47.91340039411087,"['的母体', '所有现代', '言情小说']"
刘擎西方现代思想讲义,刘擎,新星出版社,2021-1,79.0,9.2,43984,,https://book.douban.com/subject/35313227/,2021.0,刘擎,,1-5万,60-100元,2020.0年代,9分以上神作,2,1,42.71831144699442,[]
黄金时代,王小波,花城出版社,1999-3,19.0,8.9,173051,我想爱，想吃，还想在一瞬间变成天上半明半暗的云,https://book.douban.com/subject/1089243/,1999.0,王小波,,10-50万,0-20元,1990.0年代,8.5-9分优秀,3,4,46.6197496081056,"['瞬间变成', '想吃', '还想在一']"
孽子,白先勇,广西师范大学出版社,2010-10,46.0,9.2,56699,写给那一群， 在最深最深的黑夜里， 独自彷徨街头， 无所依归的孩子们,https://book.douban.com/subject/5337254/,2010.0,白先勇,,5-10万,40-60元,2010.0年代,9分以上神作,5,2,43.732893673658346,"['街头', '的孩子们', '深的黑夜']"
史记（全十册）,司马迁,（索隐）司马贞，（正义）张守节,中华书局,11.0,9.5,27004,史家之绝唱，无韵之离骚,https://book.douban.com/subject/1077847/,,司马迁,,1-5万,0-20元,未知,9分以上神作,1,1,42.09856694350944,"['无韵之离', '史家之绝']"
台北人,白先勇,广西师范大学出版社,2010-10,38.0,9.0,82159,白先勇短篇小说集,https://book.douban.com/subject/5337248/,2010.0,白先勇,,5-10万,20-40元,2010.0年代,9分以上神作,5,2,44.231896301372565,"['篇小说集', '白先勇短']"
悲惨世界（上中下）,[法] 雨果,李丹,人民文学出版社,6.0,9.1,66707,现实主义与浪漫主义的至高杰作,https://book.douban.com/subject/1205054/,,[法] 雨果,,5-10万,0-20元,未知,9分以上神作,1,1,43.89995982787501,"['与浪漫主', '义的至高', '杰作']"
一间只属于自己的房间,[英] 弗吉尼亚·伍尔夫,周颖琪,天津人民出版社,10.0,9.2,52993,,https://book.douban.com/subject/34835082/,,[英] 弗吉尼亚·伍尔夫,,5-10万,0-20元,未知,9分以上神作,1,1,43.462810256708806,[]
四世同堂,老舍,北京十月文艺出版社,2008-7,36.0,9.4,46693,北平沦陷时代广大平民的悲惨遭遇,https://book.douban.com/subject/3183775/,2008.0,老舍,,1-5万,20-40元,2000.0年代,9分以上神作,7,3,43.89096671332067,"['时代广大', '平民的悲', '惨遭遇']"
诗经,孔丘 编订,北京出版社,2006-7,19.9,9.5,31339,思无邪,https://book.douban.com/subject/1883245/,2006.0,孔丘 编订,,1-5万,0-20元,2000.0年代,9分以上神作,1,1,42.71280877677817,['思无邪']
永恒的终结,[美] 艾萨克·阿西莫夫,崔正男,江苏凤凰文艺出版社,9.0,9.1,53437,关于时间旅行的终极奥秘和恢宏构想,https://book.douban.com/subject/25829693/,,[美] 艾萨克·阿西莫夫,,5-10万,0-20元,未知,9分以上神作,1,2,43.02336282316014,"['关于时间', '恢宏构想', '极奥秘和']"
毛泽东选集,毛泽东,人民出版社,1991-6,40.0,9.6,36856,,https://book.douban.com/subject/1139360/,1991.0,毛泽东,,1-5万,20-40元,1990.0年代,9分以上神作,1,1,43.83847871274838,[]
美丽新世界,【英】奥尔德斯·赫胥黎,陈超,上海译文出版社,6.0,9.1,69497,,https://book.douban.com/subject/27002046/,,【英】奥尔德斯·赫胥黎,,5-10万,0-20元,未知,9分以上神作,1,1,44.06189112471603,[]
一个叫欧维的男人决定去死,[瑞典] 弗雷德里克·巴克曼,宁蒙,四川文艺出版社,12.0,9.1,79068,这个发生在瑞典的故事，如生命庆典般绚丽斑斓,https://book.douban.com/subject/26672693/,,[瑞典] 弗雷德里克·巴克曼,,5-10万,0-20元,未知,9分以上神作,1,1,44.57180685771596,"['在瑞典的', '典般绚丽', '故事']"
神雕侠侣,金庸,有1996年11月北平第4次印本,生活·读书·新知三联书店,5.0,8.9,105670,至情至性，情大于武,https://book.douban.com/subject/1255624/,,金庸,,10-50万,0-20元,未知,8.5-9分优秀,1,6,44.713170196068155,"['情大于武', '至情至性']"
南京大屠杀,[美]张纯如（Iris Chang）,谭春霞,中信出版社,8.0,9.7,27593,,https://book.douban.com/subject/26545308/,,[美]张纯如（Iris Chang）,,1-5万,0-20元,未知,9分以上神作,1,1,43.07574953315401,[]
绝叫,[日] 叶真中显,林佩瑾,北京联合出版公司,7.0,8.9,140842,,https://book.douban.com/subject/35031587/,,[日] 叶真中显,,10-50万,0-20元,未知,8.5-9分优秀,2,1,45.82371643366639,[]
始于极限,[日] 上野千鹤子,曹逸冰,新星出版社,20.0,9.0,83878,,https://book.douban.com/subject/35966120/,,[日] 上野千鹤子,,5-10万,0-20元,未知,9分以上神作,1,2,44.31283259878792,[]
唐诗三百首,蘅塘退士,中华书局,1984-07-01,0.65,9.4,29974,熟读唐诗三百首，不会吟诗也会吟,https://book.douban.com/subject/1013267/,1984.0,蘅塘退士,,1-5万,0-20元,1980.0年代,9分以上神作,3,1,42.08140020794316,"['也会吟', '熟读唐诗', '不会吟诗']"
历史深处的忧虑,林达,生活·读书·新知三联书店,1997-5,19.0,9.0,47683,窥见美国社会的一扇窗,https://book.douban.com/subject/1027191/,1997.0,林达,,1-5万,0-20元,1990.0年代,9分以上神作,13,2,42.10527214303366,"['社会的一', '扇窗', '窥见美国']"
上帝掷骰子吗,曹天元,辽宁教育出版社,2006-1,32.0,9.2,36793,量子物理史话,https://book.douban.com/subject/1467022/,2006.0,曹天元,,1-5万,20-40元,2000.0年代,9分以上神作,1,1,42.00503984415979,"['量子物理', '史话']"
灿烂千阳,[美] 卡勒德·胡赛尼,李继宏,上海人民出版社,9.0,8.9,131229,唯有希望与爱可以驱散阴霾,https://book.douban.com/subject/2143732/,,[美] 卡勒德·胡赛尼,,10-50万,0-20元,未知,8.5-9分优秀,2,2,45.55046539267181,"['驱散阴霾', '唯有希望', '与爱可以']"
窗边的小豆豆,[日] 黑柳彻子 著,赵玉皎,南海出版公司,1.0,8.9,223504,真正懂孩子的教育经,https://book.douban.com/subject/1007914/,,[日] 黑柳彻子 著,,10-50万,0-20元,未知,8.5-9分优秀,1,1,47.60863917005856,"['子的教育', '真正懂孩']"
哭泣的骆驼,三毛,哈尔滨出版社,2003-6,15.8,9.0,60253,沙漠中寻常的生与死,https://book.douban.com/subject/1029111/,2003.0,三毛,,5-10万,0-20元,2000.0年代,9分以上神作,4,6,43.01980807797052,"['常的生与', '沙漠中寻']"
美的历程,李泽厚,生活·读书·新知三联书店,2009-7,43.0,9.2,35654,中国美学经典之作,https://book.douban.com/subject/3410718/,2009.0,李泽厚,,1-5万,40-60元,2000.0年代,9分以上神作,13,1,41.879395993361435,"['中国美学', '经典之作']"
最好的告别,[美] 阿图·葛文德（Atul Gawande）,王一方 主编,浙江人民出版社,31.0,9.0,55856,关于衰老与死亡，你必须知道的常识,https://book.douban.com/subject/26576861/,,[美] 阿图·葛文德（Atul Gawande）,,5-10万,20-40元,未知,9分以上神作,1,1,42.723628483230925,"['关于衰老', '你必须知', '道的常识']"
呼兰河传,萧红,百花文艺出版社,2005-01,19.0,9.0,89456,萧红的童年往事,https://book.douban.com/subject/1060852/,2005.0,萧红,,5-10万,0-20元,2000.0年代,9分以上神作,1,1,44.56448527423138,"['萧红的童', '年往事']"
棋王·树王·孩子王,阿城,江苏凤凰文艺出版社,2016-3-1,58.0,9.3,34515,,https://book.douban.com/subject/26734559/,2016.0,阿城,,1-5万,40-60元,2010.0年代,9分以上神作,1,1,42.20347326283622,[]
人间词话,王国维,上海古籍出版社,1998-12,9.8,9.1,58267,以新眼光评旧文学,https://book.douban.com/subject/1203426/,1998.0,王国维,,5-10万,0-20元,1990.0年代,9分以上神作,1,1,43.36534618865379,"['评旧文学', '以新眼光']"
冬牧场,李娟,新星出版社,2012-6,29.8,9.1,47095,阿勒泰的精灵,https://book.douban.com/subject/10522856/,2012.0,李娟,,1-5万,20-40元,2010.0年代,9分以上神作,2,4,42.52407069122424,"['阿勒泰的', '精灵']"
离开的，留下的,[意] 埃莱娜·费兰特,陈英,人民文学出版社,10.0,8.9,89080,探索中年的虚无、困惑、野心和近乎残暴的爱,https://book.douban.com/subject/27104959/,,[意] 埃莱娜·费兰特,,5-10万,0-20元,未知,8.5-9分优秀,4,4,44.0530438544218,"['困惑', '乎残暴的', '的虚无']"
筚路维艰,萧冬连,社会科学文献出版社,2014-10-1,45.0,9.5,23456,,https://book.douban.com/subject/26171466/,2014.0,萧冬连,,1-5万,40-60元,2010.0年代,9分以上神作,1,1,41.517412553129816,[]
流俗地,【马来西亚】黎紫书,北京十月文艺出版社,2021-4-1,55.0,9.2,36459,,https://book.douban.com/subject/35430425/,2021.0,【马来西亚】黎紫书,,1-5万,40-60元,2020.0年代,9分以上神作,7,1,41.968603724130794,[]
罪与罚,[俄] 陀思妥耶夫斯基,岳麟,上海译文出版社,8.0,9.3,40063,描绘人内心的全部深度,https://book.douban.com/subject/1858568/,,[俄] 陀思妥耶夫斯基,,1-5万,0-20元,未知,9分以上神作,1,3,42.80551424348142,"['心的全部', '深度', '描绘人内']"
西线无战事,[德] 埃里希·玛丽亚·雷马克,姜乙,上海文艺出版社,1.0,9.4,29235,,https://book.douban.com/subject/35272817/,,[德] 埃里希·玛丽亚·雷马克,,1-5万,0-20元,未知,9分以上神作,2,1,41.979489122829044,[]
道德经,黄元吉,陕西人民出版社,1996-10,4.5,9.5,22525,中国历史上首部完整的哲学著作,https://book.douban.com/subject/1059258/,1996.0,黄元吉,,1-5万,0-20元,1990.0年代,9分以上神作,1,1,41.350315596685455,"['上首部完', '整的哲学', '著作']"
文学回忆录,木心 讲述,广西师范大学出版社,2013-1-10,98.0,9.1,46247,木心留给世界的礼物,https://book.douban.com/subject/20440644/,2013.0,木心 讲述,,1-5万,60-100元,2010.0年代,9分以上神作,5,1,42.4522604479473,"['木心留给', '世界的礼']"
叫魂,[美] 孔飞力,陈兼,生活·读书·新知三联书店 上海三联书店,6.0,9.2,39459,,https://book.douban.com/subject/25912076/,,[美] 孔飞力,,1-5万,0-20元,未知,9分以上神作,1,1,42.28454388847688,[]
也许你该找个人聊聊,[美]洛莉·戈特利布,张含笑,上海文化出版社,28.0,9.0,60091,,https://book.douban.com/subject/35481512/,,[美]洛莉·戈特利布,,5-10万,20-40元,未知,9分以上神作,1,1,43.009284882180296,[]
明亮的夜晚,[韩]崔恩荣,叶蕾,台海出版社,8.0,9.0,58851,,https://book.douban.com/subject/36457094/,,[韩]崔恩荣,,5-10万,0-20元,未知,9分以上神作,1,1,42.927784621218805,[]
遥远的向日葵地,李娟,花城出版社,2017-11,38.0,9.1,45565,,https://book.douban.com/subject/27184303/,2017.0,李娟,,1-5万,20-40元,2010.0年代,9分以上神作,3,4,42.39354550894657,[]
桶川跟踪狂杀人事件,[日] 清水洁,王华懋,四川人民出版社,2.0,9.0,59282,,https://book.douban.com/subject/35094680/,,[日] 清水洁,,5-10万,0-20元,未知,9分以上神作,1,2,42.95630562331106,[]
平面国,[英] 埃德温·A·艾勃特,鲁冬旭,上海文化出版社,8.0,9.2,34531,,https://book.douban.com/subject/35170896/,,[英] 埃德温·A·艾勃特,,1-5万,0-20元,未知,9分以上神作,1,1,41.75152423038286,[]
浪潮之巅,吴军,电子工业出版社,2011-8,55.0,9.0,34955,了解IT领域的入门读物,https://book.douban.com/subject/6709783/,2011.0,吴军,,1-5万,40-60元,2010.0年代,9分以上神作,1,1,40.89158375818524,"['领域的入', '了解', '门读物']"
少年凯歌,人民文学出版社,2001-6,10.00元,,9.3,21999,,https://book.douban.com/subject/1091203/,,人民文学出版社,,1-5万,未知,未知,9分以上神作,1,1,40.38434733935204,[]
受戒,汪曾祺,漓江出版社,1987-10,3.95,9.3,30255,江南乡镇民间生活，健康淳朴的人性,https://book.douban.com/subject/1760432/,1987.0,汪曾祺,,1-5万,0-20元,1980.0年代,9分以上神作,1,2,41.67141356259656,"['江南乡镇', '健康淳朴', '民间生活']"
爱你就像爱生命,王小波,上海锦绣文章出版社,2008-5,18.0,8.8,119750,王小波与李银河的两地书,https://book.douban.com/subject/3071717/,2008.0,王小波,,10-50万,0-20元,2000.0年代,8.5-9分优秀,1,4,44.688824594362096,"['王小波与', '李银河的', '两地书']"
人生的枷锁,[英] 毛姆,张柏然,上海译文出版社,3.0,9.1,33411,在混沌纷扰的生活漩流中，寻求人生的真谛,https://book.douban.com/subject/2035171/,,[英] 毛姆,,1-5万,0-20元,未知,9分以上神作,1,2,41.167394216862554,"['的真谛', '扰的生活', '在混沌纷']"
我们仨,杨绛,生活·读书·新知三联书店,2003-7,18.8,8.7,322193,,https://book.douban.com/subject/1023045/,2003.0,杨绛,,10-50万,0-20元,2000.0年代,8.5-9分优秀,13,1,47.920610075713846,[]
茶馆,老舍,人民文学出版社,2002-1,9.8,9.2,38974,清末、民初、抗战胜利以后三个历史时期的北京生活风貌,https://book.douban.com/subject/1036613/,2002.0,老舍,,1-5万,0-20元,2000.0年代,9分以上神作,20,3,42.235129823535694,"['清末', '抗战胜利', '的北京生']"
失明症漫记,[葡] 若泽·萨拉马戈,范维信,南海出版公司,2.0,9.0,43766,失明症迅速蔓延，整个城市陷入一场空前的灾难,https://book.douban.com/subject/20428302/,,[葡] 若泽·萨拉马戈,,1-5万,0-20元,未知,9分以上神作,1,1,41.770231704169845,"['陷入一场', '空前的灾', '速蔓延']"
看不见的城市,[意] 伊塔洛·卡尔维诺,张密,译林出版社,4.0,9.0,41871,,https://book.douban.com/subject/10555509/,,[意] 伊塔洛·卡尔维诺,,1-5万,0-20元,未知,9分以上神作,1,3,41.5972199989564,[]
昨日的世界,[奥] 斯特凡·茨威格,徐友敬,上海译文出版社,7.0,9.4,20988,,https://book.douban.com/subject/27615361/,,[奥] 斯特凡·茨威格,,1-5万,0-20元,未知,9分以上神作,1,1,40.626527921947236,[]
教父,[美]马里奥·普佐,周汉林,译林出版社,8.0,9.0,42123,“教父三部曲”电影原著,https://book.douban.com/subject/1092335/,,[美]马里奥·普佐,,1-5万,0-20元,未知,9分以上神作,1,1,41.62067364660586,"['教父三部', '电影原著']"
巨人的陨落,[英] 肯·福莱特,于大卫,江苏凤凰文艺出版社,1.0,8.9,88486,五个家族，一场战争,https://book.douban.com/subject/26698660/,,[英] 肯·福莱特,,5-10万,0-20元,未知,8.5-9分优秀,2,1,44.027183613470214,"['五个家族', '一场战争']"
飞鸟集,[印] 罗宾德拉纳德·泰戈尔,徐翰林,哈尔滨出版社,6.0,8.9,69687,一个淡泊清透的世界,https://book.douban.com/subject/1058661/,,[印] 罗宾德拉纳德·泰戈尔,,5-10万,0-20元,未知,8.5-9分优秀,1,1,43.10405074145542,"['清透的世', '一个淡泊']"
海子的诗,海子,人民文学出版社,1999-04,15.4,9.0,49390,,https://book.douban.com/subject/1011754/,1999.0,海子,,1-5万,0-20元,1990.0年代,9分以上神作,20,1,42.24275123545394,[]
人生的智慧,(德)叔本华,韦启昌,上海人民出版社,1.0,9.2,35399,对世俗、实用问题深刻而透彻的讨论,https://book.douban.com/subject/3261600/,,(德)叔本华,,1-5万,0-20元,未知,9分以上神作,1,1,41.85071714155057,"['彻的讨论', '对世俗', '深刻而透']"
我的天才女友,[意] 埃莱娜·费兰特,陈英,人民文学出版社,1.0,8.8,134987,“那不勒斯四部曲”第一部，两个女人，50年的友谊和战争,https://book.douban.com/subject/26878124/,,[意] 埃莱娜·费兰特,,10-50万,0-20元,未知,8.5-9分优秀,4,4,45.146569120674265,"['年的友谊', '和战争', '第一部']"
鹿鼎记,金庸,广州出版社 花城出版社,2008-3,108.0,8.9,58003,武侠的解构，流氓的狂欢,https://book.douban.com/subject/1212893/,2008.0,金庸,,5-10万,100元以上,2000.0年代,8.5-9分优秀,1,6,42.39470906275824,"['流氓的狂', '武侠的解']"
人间草木,汪曾祺,江苏文艺出版社,2005-01,20.0,9.2,37258,我就是要这样香，香得痛痛快快,https://book.douban.com/subject/1253310/,2005.0,汪曾祺,,1-5万,0-20元,2000.0年代,9分以上神作,1,2,42.05521975298709,"['快快', '我就是要', '香得痛痛']"
克莱因壶,[日] 冈岛二人,张舟,化学工业出版社,9.0,8.8,84057,,https://book.douban.com/subject/33658616/,,[日] 冈岛二人,,5-10万,0-20元,未知,8.5-9分优秀,1,1,43.33625019633057,[]
面纱,[英] 威廉·萨默塞特·毛姆,于大卫,江西人民出版社,1.0,9.0,50217,,https://book.douban.com/subject/26757680/,,[英] 威廉·萨默塞特·毛姆,,5-10万,0-20元,未知,9分以上神作,2,1,42.30765687676086,[]
陆犯焉识,严歌苓,作家出版社,2011-10,35.0,8.9,60536,翻手为苍凉，覆手为繁华,https://book.douban.com/subject/6880158/,2011.0,严歌苓,,5-10万,20-40元,2010.0年代,8.5-9分优秀,4,1,42.559922116539646,"['翻手为苍', '覆手为繁']"
额尔古纳河右岸,迟子建,人民文学出版社,2019-6-1,32.0,9.0,72143,,https://book.douban.com/subject/34432750/,2019.0,迟子建,,5-10万,20-40元,2010.0年代,9分以上神作,20,1,43.723747782833634,[]
十万个为什么,少年儿童出版社,1962,30.00元,,9.2,22045,,https://book.douban.com/subject/2160556/,,少年儿童出版社,,1-5万,未知,未知,9分以上神作,1,1,39.95845294909354,[]
檀香刑,莫言,浙江文艺出版社,2017-1,56.0,9.2,41808,,https://book.douban.com/subject/26905337/,2017.0,莫言,,1-5万,40-60元,2010.0年代,9分以上神作,2,2,42.5155864099259,[]
边城,沈从文,北岳文艺出版社,2002-4,12.0,8.7,240909,一切充满了善，然而到处是不凑巧,https://book.douban.com/subject/1057244/,2002.0,沈从文,,10-50万,0-20元,2000.0年代,8.5-9分优秀,1,1,46.82212131657642,"['是不凑巧', '了善', '然而到处']"
13 67,陳浩基,皇冠文化出版有限公司,2014-6-9,350.0,9.1,27759,,https://book.douban.com/subject/25897884/,2014.0,陳浩基,,1-5万,100元以上,2010.0年代,9分以上神作,1,1,40.434974733672846,[]
斯通纳,[美] 约翰·威廉斯,杨向荣,上海人民出版社,1.0,8.8,70458,即使不能拥有完美的生活，所幸追求过完整的自我,https://book.douban.com/subject/26425831/,,[美] 约翰·威廉斯,,5-10万,0-20元,未知,8.5-9分优秀,1,1,42.66178673913339,"['自我', '所幸追求', '的生活']"
地下室手记,[俄] 陀思妥耶夫斯基,曾思艺,浙江文艺出版社,5.0,9.2,35736,,https://book.douban.com/subject/34990839/,,[俄] 陀思妥耶夫斯基,,1-5万,0-20元,未知,9分以上神作,1,3,41.88857464306679,[]
时间简史,[英] 史蒂芬·霍金,许明贤,湖南科学技术出版社,4.0,8.9,65129,探索时间和空间的核心秘密,https://book.douban.com/subject/1034282/,,[英] 史蒂芬·霍金,,5-10万,0-20元,未知,8.5-9分优秀,1,1,42.84259224904947,"['和空间的', '核心秘密', '探索时间']"
梦里花落知多少,三毛,北京十月文艺出版社,2007-6,28.0,8.8,101302,哀而不伤,https://book.douban.com/subject/2070844/,2007.0,三毛,,10-50万,20-40元,2000.0年代,8.5-9分优秀,7,6,44.04943857334053,['哀而不伤']
王尔德童话,[英] 王尔德,王林,译林出版社,6.0,9.1,25587,一颗纯美纯善、永难泯灭的童心,https://book.douban.com/subject/1119839/,,[英] 王尔德,,1-5万,0-20元,未知,9分以上神作,1,1,40.11297625908088,"['的童心', '纯善', '永难泯灭']"
金色梦乡,[日] 伊坂幸太郎,李彦桦,译林出版社,9.0,9.0,33733,伊坂幸太郎代表作,https://book.douban.com/subject/5038409/,,[日] 伊坂幸太郎,,1-5万,0-20元,未知,9分以上神作,1,1,40.752494696839186,"['郎代表作', '伊坂幸太']"
一句顶一万句,刘震云,长江文艺出版社,2009-3,29.8,8.8,100052,一句胜过千年,https://book.douban.com/subject/3633461/,2009.0,刘震云,,10-50万,20-40元,2000.0年代,8.5-9分优秀,1,1,44.00198681502205,"['一句胜过', '千年']"
这些人，那些事,吴念真,译林出版社,2011-9,28.0,8.8,69776,平淡叙述下的惊心动魄,https://book.douban.com/subject/6388661/,2011.0,吴念真,,5-10万,20-40元,2010.0年代,8.5-9分优秀,1,1,42.62461341009829,"['平淡叙述', '下的惊心', '动魄']"
小径分岔的花园,[阿根廷] 豪·路·博尔赫斯,王永年,上海译文出版社,7.0,8.9,54425,一个谜语，谜底正是时间,https://book.douban.com/subject/25796120/,,[阿根廷] 豪·路·博尔赫斯,,5-10万,0-20元,未知,8.5-9分优秀,1,1,42.148606095646876,"['谜底正是', '一个谜语', '时间']"
大明王朝1566,刘和平,花城出版社,2016-7,88.0,9.5,19261,,https://book.douban.com/subject/26925171/,2016.0,刘和平,,1-5万,60-100元,2010.0年代,9分以上神作,3,1,40.70444889679588,[]
2001：太空漫游,[英] 阿瑟·克拉克,郝明义,上海文艺出版社,10.0,9.3,25893,,https://book.douban.com/subject/30471298/,,[英] 阿瑟·克拉克,,1-5万,0-20元,未知,9分以上神作,1,1,41.042596053365756,[]
绿毛水怪,王小波,时代文艺出版社,2009-1,30.0,9.1,27239,我们好象在池塘的水底，从一个月亮走向另一个月亮,https://book.douban.com/subject/3518332/,2009.0,王小波,,1-5万,20-40元,2000.0年代,9分以上神作,1,4,40.360239553135116,"['在池塘的', '从一个月', '亮走向另']"
长日将尽,[英] 石黑一雄,冯涛,上海译文出版社,5.0,8.9,43953,,https://book.douban.com/subject/30142261/,,[英] 石黑一雄,,1-5万,0-20元,未知,8.5-9分优秀,1,1,41.32259785534619,[]
安娜·卡列尼娜,[俄] 列夫·托尔斯泰,草婴,上海文艺出版社,8.0,9.2,35276,,https://book.douban.com/subject/2253380/,,[俄] 列夫·托尔斯泰,,1-5万,0-20元,未知,9分以上神作,1,1,41.83680987216544,[]
海的女儿,安徒生,叶君健,上海译文出版社,6.0,9.1,27786,,https://book.douban.com/subject/1765512/,,安徒生,,1-5万,0-20元,未知,9分以上神作,2,1,40.43881688553558,[]
你当像鸟飞往你的山,塔拉·韦斯特弗,任爱红,南海出版公司,10.0,8.7,218490,我来自一个极少有人能想象的家庭，教育给了我新世界,https://book.douban.com/subject/33440205/,,塔拉·韦斯特弗,,10-50万,0-20元,未知,8.5-9分优秀,1,1,46.45305461266321,"['人能想象', '我来自一', '我新世界']"
半生缘,张爱玲,北京十月文艺出版社,2012-6-1,29.6,9.1,38274,,https://book.douban.com/subject/10757938/,2012.0,张爱玲,,1-5万,20-40元,2010.0年代,9分以上神作,7,3,41.704425058060345,[]
故事,[美] 罗伯特·麦基,周铁东,天津人民出版社,9.0,9.2,21640,材质、结构、风格和银幕剧作的原理,https://book.douban.com/subject/25976544/,,[美] 罗伯特·麦基,,1-5万,0-20元,未知,9分以上神作,1,1,39.88436675919769,"['风格和银', '材质', '结构']"
阿勒泰的角落,李娟,万卷出版公司,2010-6,25.0,9.1,24283,白雪和阳光，青草和白桦林,https://book.douban.com/subject/4881850/,2010.0,李娟,,1-5万,20-40元,2010.0年代,9分以上神作,1,4,39.90625129269248,"['白雪和阳', '桦林', '青草和白']"
强风吹拂,三浦紫苑,林佩瑾,广西师范大学出版社,1.0,9.0,33751,明明这么痛苦，这么难过，为什么就是不能放弃跑步？,https://book.douban.com/subject/26210487/,,三浦紫苑,,1-5万,0-20元,未知,9分以上神作,2,1,40.75457980464953,"['弃跑步', '明明这么', '这么难过']"
经济学原理（上下）,[美] 曼昆,梁小民,机械工业出版社,8.0,9.1,23694,经济学家们的世界观,https://book.douban.com/subject/1028842/,,[美] 曼昆,,1-5万,0-20元,未知,9分以上神作,1,1,39.80920929549371,"['们的世界', '经济学家']"
鹿川有许多粪,李沧东,春喜,武汉大学出版社,8.0,8.9,40875,,https://book.douban.com/subject/35517022/,,李沧东,,1-5万,0-20元,未知,8.5-9分优秀,1,1,41.04197411444825,[]
國史大綱（上下）,錢穆,商务印书馆,2013-8,76.0,9.4,17527,钱穆中国通史,https://book.douban.com/subject/1046492/,2013.0,錢穆,,1-5万,60-100元,2010.0年代,9分以上神作,2,1,39.89085131462083,"['钱穆中国', '通史']"
天朝的崩溃,茅海建,生活·读书·新知三联书店,2014-10,59.0,9.4,17998,,https://book.douban.com/subject/25935941/,2014.0,茅海建,,1-5万,40-60元,2010.0年代,9分以上神作,13,1,39.999107926310536,[]
万水千山走遍,三毛,哈尔滨出版社,2003-08,13.8,8.9,48580,从遥远的撒哈拉到敦煌戈壁,https://book.douban.com/subject/1036490/,2003.0,三毛,,1-5万,0-20元,2000.0年代,8.5-9分优秀,4,6,41.7094718431751,"['从遥远的', '撒哈拉到', '敦煌戈壁']"
温柔的夜,三毛,北京十月文艺出版社,2007-5,28.0,9.1,25246,三毛在加纳利群岛的生活,https://book.douban.com/subject/2068249/,2007.0,三毛,,1-5万,20-40元,2000.0年代,9分以上神作,7,6,40.05995245869728,"['纳利群岛', '三毛在加', '的生活']"
苏菲的世界,[挪] 乔斯坦·贾德,萧宝森,作家出版社,10.0,8.8,63114,哲学启蒙书,https://book.douban.com/subject/2284311/,,[挪] 乔斯坦·贾德,,5-10万,0-20元,未知,8.5-9分优秀,1,1,42.2411062083446,['哲学启蒙']
史蒂夫·乔布斯传,[美] 沃尔特·艾萨克森,管延圻,中信出版社,24.0,8.8,64375,完美主义者的最高形态,https://book.douban.com/subject/6798611/,,[美] 沃尔特·艾萨克森,,5-10万,20-40元,未知,8.5-9分优秀,1,1,42.316711730033376,"['形态', '完美主义', '者的最高']"
冰与火之歌,[美]乔治·R.R.马丁,谭光磊,重庆出版社,1.0,9.5,21348,乔治·R·R·马丁史诗奇幻小说,https://book.douban.com/subject/25826936/,,[美]乔治·R.R.马丁,,1-5万,0-20元,未知,9分以上神作,1,1,41.128893344249725,"['乔治', '奇幻小说', '马丁史诗']"
一个陌生女人的来信,[奥] 斯蒂芬·茨威格,张玉书,上海译文出版社,7.0,8.7,154357,暗恋的极致,https://book.douban.com/subject/2154960/,,[奥] 斯蒂芬·茨威格,,10-50万,0-20元,未知,8.5-9分优秀,2,2,45.1401790646175,['暗恋的极']
全球通史,斯塔夫里阿诺斯,吴象婴,北京大学出版社,1.0,9.0,25171,,https://book.douban.com/subject/10583099/,,斯塔夫里阿诺斯,,1-5万,0-20元,未知,9分以上神作,1,1,39.608104226891726,[]
东晋门阀政治,田余庆,北京大学出版社,2012-5,49.0,9.5,17049,,https://book.douban.com/subject/10758290/,2012.0,田余庆,,1-5万,40-60元,2010.0年代,9分以上神作,2,1,40.20113965226173,[]
生死疲劳,莫言,浙江文艺出版社,2021-11,69.9,9.0,60588,,https://book.douban.com/subject/35587028/,2021.0,莫言,,5-10万,60-100元,2020.0年代,9分以上神作,2,2,43.041479550688,[]
爱的艺术,[美] 艾·弗洛姆,李健鸣,上海译文出版社,4.0,8.8,55481,谦恭地、勇敢地、真诚地和有纪律地爱他人,https://book.douban.com/subject/3026879/,,[美] 艾·弗洛姆,,5-10万,0-20元,未知,8.5-9分优秀,1,1,41.74846966644097,"['谦恭地', '真诚地和', '勇敢地']"
亮剑,都梁,解放军文艺出版社,2005-3,28.0,9.0,33789,面对强大的对手，明知不敌，也要毅然亮剑,https://book.douban.com/subject/1088022/,2005.0,都梁,,1-5万,20-40元,2000.0年代,9分以上神作,1,1,40.75897804949654,"['也要毅然', '的对手', '明知不敌']"
我不知道该说什么，关于死亡还是爱情,[白俄] S·A·阿列克谢耶维奇,方祖芳,花城出版社,15.0,9.2,21603,真实记录切尔诺贝利核灾难事件,https://book.douban.com/subject/25884880/,,[白俄] S·A·阿列克谢耶维奇,,1-5万,0-20元,未知,9分以上神作,1,1,39.877529403893185,"['切尔诺贝', '真实记录', '利核灾难']"
球状闪电,刘慈欣,四川科学技术出版社,2005-6,22.0,8.7,95184,量子之外，没有真相,https://book.douban.com/subject/1192090/,2005.0,刘慈欣,,5-10万,20-40元,2000.0年代,8.5-9分优秀,1,2,43.313506378753736,"['量子之外', '没有真相']"
草房子,曹文轩,江苏少年儿童出版社,2009-6,18.0,9.0,61109,男孩桑桑刻骨铭心、终身难忘的六年小学生活,https://book.douban.com/subject/1052990/,2009.0,曹文轩,,5-10万,0-20元,2000.0年代,9分以上神作,1,1,43.07494659205939,"['学生活', '刻骨铭心', '的六年小']"
德米安,[德] 赫尔曼·黑塞,丁君君,上海人民出版社,3.0,8.9,44173,少年辛克莱寻找通向自身之路的艰辛历程,https://book.douban.com/subject/3578470/,,[德] 赫尔曼·黑塞,,1-5万,0-20元,未知,8.5-9分优秀,1,2,41.341896367977434,"['莱寻找通', '历程', '向自身之']"
不能承受的生命之轻,米兰·昆德拉,许钧,上海译文出版社,8.0,8.8,50319,,https://book.douban.com/subject/4920007/,,米兰·昆德拉,,5-10万,0-20元,未知,8.5-9分优秀,1,1,41.37524161494238,[]
古文观止,吴楚材,中华书局,1987-1-1,21.0,9.1,20213,收录自先秦至明末的散文二百二十二篇,https://book.douban.com/subject/1014561/,1987.0,吴楚材,,1-5万,20-40元,1980.0年代,9分以上神作,3,1,39.18124006157238,"['百二十二', '秦至明末', '收录自先']"
恶意,[日] 东野圭吾,娄美莲,南海出版公司,11.0,8.7,158830,,https://book.douban.com/subject/26877752/,,[日] 东野圭吾,,10-50万,0-20元,未知,8.5-9分优秀,1,4,45.24811306232297,[]
李光耀观天下,李光耀,北京大学出版社,2015-6,58.0,9.2,18158,,https://book.douban.com/subject/26413154/,2015.0,李光耀,,1-5万,40-60元,2010.0年代,9分以上神作,2,1,39.18342570821333,[]
我的阿勒泰,李娟,云南人民出版社,2010-7,25.0,8.9,33946,描写疆北阿勒泰地区生活和风情的原生态散文集,https://book.douban.com/subject/4884218/,2010.0,李娟,,1-5万,20-40元,2010.0年代,8.5-9分优秀,1,4,40.32401860127966,"['区生活和', '生态散文', '风情的原']"
亲密关系（第6版）,[美] 罗兰·米勒,王伟平,人民邮电出版社,6.0,9.2,31292,,https://book.douban.com/subject/26585065/,,[美] 罗兰·米勒,,1-5万,0-20元,未知,9分以上神作,1,1,41.35798655848068,[]
倾城之恋,张爱玲,北京十月文艺出版社,2012-6-1,29.8,8.9,44606,,https://book.douban.com/subject/10757940/,2012.0,张爱玲,,1-5万,20-40元,2010.0年代,8.5-9分优秀,7,3,41.37960019243759,[]
天生有罪,[南非] 特雷弗·诺亚,董帅,北京联合出版公司,1.0,9.1,24207,,https://book.douban.com/subject/30125030/,,[南非] 特雷弗·诺亚,,1-5万,0-20元,未知,9分以上神作,1,1,39.89386282869449,[]
麦琪的礼物,[美] 欧·亨利,张经浩,上海社会科学院出版社,7.0,8.7,79291,日常的奇迹,https://book.douban.com/subject/1051193/,,[美] 欧·亨利,,5-10万,0-20元,未知,8.5-9分优秀,1,1,42.62324788744676,['日常的奇']
社会心理学,[美] 戴维·迈尔斯,张智勇,人民邮电出版社,1.0,9.0,28804,人们是如何思索、影响他人并与他人建立联系的,https://book.douban.com/subject/1476651/,,[美] 戴维·迈尔斯,,1-5万,0-20元,未知,9分以上神作,1,1,40.13507522023977,"['影响他人', '何思索', '并与他人']"
足利女童连续失踪事件,[日] 清水洁,曾玉婷,文汇出版社,7.0,9.0,29565,,https://book.douban.com/subject/35776315/,,[日] 清水洁,,1-5万,0-20元,未知,9分以上神作,1,2,40.23700095001612,[]
看不见的女性,卡罗琳·克里亚多·佩雷斯,詹涓,新星出版社,8.0,9.1,21901,,https://book.douban.com/subject/35942057/,,卡罗琳·克里亚多·佩雷斯,,1-5万,0-20元,未知,9分以上神作,1,1,39.49822190118927,[]
翦商,李硕,广西师范大学出版社,2022-10,99.0,8.9,37105,,https://book.douban.com/subject/36096304/,2022.0,李硕,,1-5万,60-100元,2020.0年代,8.5-9分优秀,5,1,40.66794867973196,[]
一桩事先张扬的凶杀案,[哥伦比亚] 加西亚·马尔克斯,魏然,南海出版公司,6.0,8.7,62582,我如此急切地想要讲述这桩案件，也许是它最终确定了我的作家生涯,https://book.douban.com/subject/24382569/,,[哥伦比亚] 加西亚·马尔克斯,,5-10万,0-20元,未知,8.5-9分优秀,1,3,41.72911011273887,"['最终确定', '家生涯', '切地想要']"
帷幕,[英]阿加莎·克里斯蒂,李杨,新星出版社,2.0,9.1,21057,,https://book.douban.com/subject/26292535/,,[英]阿加莎·克里斯蒂,,1-5万,0-20元,未知,9分以上神作,1,1,39.34290812390007,[]
包法利夫人,福楼拜,李健吾,人民文学出版社,1.0,9.1,32645,,https://book.douban.com/subject/25897678/,,福楼拜,,1-5万,0-20元,未知,9分以上神作,1,1,41.07573172375839,[]
父权制与资本主义,[日] 上野千鹤子,邹韵,浙江大学出版社,3.0,9.2,21431,,https://book.douban.com/subject/34896921/,,[日] 上野千鹤子,,1-5万,0-20元,未知,9分以上神作,1,2,39.84559041390279,[]
雕刻时光,[苏] 安德烈·塔可夫斯基,张晓东,南海出版公司,5.0,9.4,11098,,https://book.douban.com/subject/26435510/,,[苏] 安德烈·塔可夫斯基,,1-5万,0-20元,未知,9分以上神作,1,1,38.025300372494584,[]
一个女人的故事,[法]安妮·埃尔诺,郭玉梅,上海人民出版社,10.0,9.0,22249,,https://book.douban.com/subject/36078195/,,[法]安妮·埃尔诺,,1-5万,0-20元,未知,9分以上神作,1,1,39.12579446422673,[]
在细雨中呼喊,余华,作家出版社,2012-11-1,25.0,8.8,89444,,https://book.douban.com/subject/20421947/,2012.0,余华,,5-10万,20-40元,2010.0年代,8.5-9分优秀,4,3,43.57365067385598,[]
我也有一个梦想,林达,生活·读书·新知三联书店,2004-08,25.0,9.0,16827,在法治国家里，民众怎样运用法律,https://book.douban.com/subject/1014825/,2004.0,林达,,1-5万,20-40元,2000.0年代,9分以上神作,13,2,38.03406025256261,"['家里', '民众怎样', '在法治国']"
激荡三十年（上）,吴晓波,中信出版社,2007-1,35.0,8.8,33498,这是一个最好的时代，也是一个最坏的时代,https://book.douban.com/subject/1970428/,2007.0,吴晓波,,1-5万,20-40元,2000.0年代,8.5-9分优秀,1,1,39.820166128459846,"['最好的时', '也是一个', '这是一个']"
尼罗河上的惨案,[英] 阿加莎·克里斯蒂,宫英海,人民文学出版社,5.0,8.7,54007,阿加莎·克里斯蒂代表作,https://book.douban.com/subject/1818347/,,[英] 阿加莎·克里斯蒂,,5-10万,0-20元,未知,8.5-9分优秀,1,3,41.17231546638277,"['阿加莎', '代表作', '克里斯蒂']"
情书,[日] 岩井俊二,穆晓芳,天津人民出版社,7.0,8.6,112875,一场同名同姓的误会，两段可贵的爱情,https://book.douban.com/subject/1080370/,,[日] 岩井俊二,,10-50万,0-20元,未知,8.5-9分优秀,1,1,43.452340764565434,"['同姓的误', '两段可贵', '的爱情']"
挽救计划,[美] 安迪·威尔,耿辉,译林出版社,9.0,9.1,16119,,https://book.douban.com/subject/35494160/,,[美] 安迪·威尔,,1-5万,0-20元,未知,9分以上神作,1,1,38.286776667124045,[]
银河帝国：基地七部曲,[美] 艾萨克·阿西莫夫,叶李华,江苏凤凰文艺出版社,1.0,9.5,18789,阿西莫夫经典科幻小说,https://book.douban.com/subject/26389895/,,[美] 艾萨克·阿西莫夫,,1-5万,0-20元,未知,9分以上神作,1,2,40.60208483099922,"['经典科幻', '阿西莫夫', '小说']"
从零开始的女性主义,[日本] 上野千鹤子,吕灵芝,北京联合出版公司,9.0,8.7,77400,,https://book.douban.com/subject/35523099/,,[日本] 上野千鹤子,,5-10万,0-20元,未知,8.5-9分优秀,1,1,42.53204635794116,[]
一千零一夜,纳训,人民文学出版社,2003-01,22.0,8.8,63023,阿拉伯地区的古代民间传说,https://book.douban.com/subject/1035848/,2003.0,纳训,,5-10万,20-40元,2000.0年代,8.5-9分优秀,20,1,42.235591837756346,"['阿拉伯地', '区的古代', '民间传说']"
雷雨,曹禺,人民文学出版社,1999-05,9.2,8.7,84088,一幕人生大悲剧，在一个雷雨夜爆发,https://book.douban.com/subject/1013416/,1999.0,曹禺,,5-10万,0-20元,1990.0年代,8.5-9分优秀,20,1,42.845186000790655,"['在一个雷', '大悲剧', '一幕人生']"
骆驼祥子,老舍,人民文学出版社,1962-10-1,12.0,8.6,222896,旧中国老北京贫苦市民的典型命运,https://book.douban.com/subject/1043815/,1962.0,老舍,,10-50万,0-20元,1960.0年代,8.5-9分优秀,20,3,45.993679563967156,"['型命运', '旧中国老', '北京贫苦']"
最好的我们,八月长安,湖南文艺出版社,2013-8-5,55.0,8.8,75914,耿耿余淮,https://book.douban.com/subject/24754316/,2013.0,八月长安,,5-10万,40-60元,2010.0年代,8.5-9分优秀,3,2,42.946832504641556,['耿耿余淮']
理想国,[古希腊] 柏拉图,郭斌和,商务印书馆,8.0,8.8,40815,人类历史上最早的乌托邦,https://book.douban.com/subject/1004821/,,[古希腊] 柏拉图,,1-5万,0-20元,未知,8.5-9分优秀,1,2,40.575214247351866,"['上最早的', '人类历史', '乌托邦']"
当呼吸化为空气,[美] 保罗·卡拉尼什,何雨珈,浙江文艺出版社,11.0,8.9,33643,你在死亡中探究生命的意义，你见证生前的呼吸化作死后的空气,https://book.douban.com/subject/26896859/,,[美] 保罗·卡拉尼什,,1-5万,0-20元,未知,8.5-9分优秀,1,1,40.289362968703564,"['你见证生', '化作死后', '的空气']"
海风中失落的血色馈赠,[加拿大] 阿利斯泰尔·麦克劳德,陈以侃,上海文艺出版社,1.0,9.0,22658,男女之间、父母与子女之间紧密的纽带和难以逾越的鸿沟,https://book.douban.com/subject/26357614/,,[加拿大] 阿利斯泰尔·麦克劳德,,1-5万,0-20元,未知,9分以上神作,1,1,39.196994152143716,"['男女之间', '父母与子', '密的纽带']"
水浒传（全二册）,[明] 施耐庵,人民文学出版社,1997-1,50.6,8.7,84491,替天行道,https://book.douban.com/subject/1008357/,1997.0,[明] 施耐庵,,5-10万,40-60元,1990.0年代,8.5-9分优秀,20,1,42.8632509173417,['替天行道']
荒原狼,[德]赫尔曼·黑塞,赵登荣,上海译文出版社,7.0,9.0,26378,“超现实主义”风格作品，德国的《尤利西斯》,https://book.douban.com/subject/3131626/,,[德]赫尔曼·黑塞,,1-5万,0-20元,未知,9分以上神作,1,1,39.79117677528949,"['超现实主', '风格作品', '尤利西斯']"
万物有灵且美,[英] 吉米·哈利,种衍伦,中国城市出版社,1.0,8.9,24496,活泼的生命完全无须借助魔法，便能对我们述说至美至真的故事,https://book.douban.com/subject/4187411/,,[英] 吉米·哈利,,1-5万,0-20元,未知,8.5-9分优秀,1,1,39.06294704285225,"['便能对我', '命完全无', '故事']"
雨季不再来,三毛,北京十月文艺出版社,2007-7,28.0,8.8,58670,三毛少女时代的成长感受,https://book.douban.com/subject/2136140/,2007.0,三毛,,5-10万,20-40元,2000.0年代,8.5-9分优秀,7,6,41.96206157630372,"['长感受', '三毛少女', '时代的成']"
孙子兵法,孙武,郭化若,上海古籍出版社,7.0,9.4,15224,我国最古老最杰出的一部兵书,https://book.douban.com/subject/1949420/,,孙武,,1-5万,0-20元,未知,9分以上神作,1,1,39.31577048762227,"['我国最古', '老最杰出', '的一部兵']"
倚天屠龙记,金庸,生活·读书·新知三联书店,1999-04,47.0,8.7,65663,不识张郎是张郎,https://book.douban.com/subject/1070851/,1999.0,金庸,,5-10万,40-60元,1990.0年代,8.5-9分优秀,13,6,41.91069027112692,"['是张郎', '不识张郎']"
跨越边界的社区（修订版）,项飙,生活·读书·新知三联书店,2018-3,68.0,9.4,11687,,https://book.douban.com/subject/30116399/,2018.0,项飙,,1-5万,60-100元,2010.0年代,9分以上神作,13,1,38.23640861397662,[]
送你一颗子弹,刘瑜,上海三联书店,2010-1,25.0,8.6,146416,在这本书里，被“审视”的东西杂七杂八,https://book.douban.com/subject/4238362/,2010.0,刘瑜,,10-50万,20-40元,2010.0年代,8.5-9分优秀,1,2,44.42406142685771,"['的东西杂', '七杂八', '在这本书']"
罗生门,[日] 芥川龙之介,林少华,上海译文出版社,7.0,8.7,75523,人生，远比地狱更像地狱,https://book.douban.com/subject/3136271/,,[日] 芥川龙之介,,5-10万,0-20元,未知,8.5-9分优秀,1,1,42.43928932807113,"['人生', '更像地狱', '远比地狱']"
九州·缥缈录,江南,新世界出版社,2005-6,20.0,8.8,33007,乱世的英雄史诗,https://book.douban.com/subject/1321017/,2005.0,江南,,1-5万,0-20元,2000.0年代,8.5-9分优秀,2,1,39.76373326798892,"['雄史诗', '乱世的英']"
孩子你慢慢来,龙应台,生活·读书·新知三联书店,2009-12-1,28.0,8.7,82638,我们现在怎样做母亲,https://book.douban.com/subject/4207781/,2009.0,龙应台,,5-10万,20-40元,2000.0年代,8.5-9分优秀,13,2,42.77946424146314,"['我们现在', '怎样做母']"
不存在的骑士,[意] 伊塔洛·卡尔维诺,吴正仪,译林出版社,4.0,8.9,29675,,https://book.douban.com/subject/6789551/,,[意] 伊塔洛·卡尔维诺,,1-5万,0-20元,未知,8.5-9分优秀,3,3,39.804277475877,[]
现代艺术150年,[英] 威尔·贡培兹,王烁,广西师范大学出版社,3.0,9.1,16441,,https://book.douban.com/subject/26854318/,,[英] 威尔·贡培兹,,1-5万,0-20元,未知,9分以上神作,1,1,38.36494688699325,[]
显微镜下的大明,马伯庸,湖南文艺出版社,2019-1,52.0,8.7,55596,,https://book.douban.com/subject/30414743/,2019.0,马伯庸,,5-10万,40-60元,2010.0年代,8.5-9分优秀,3,2,41.28187885238178,[]
浮生六记,（清）沈复,人民文学出版社,1999-1,38.0,8.7,74800,苟不记之笔墨，未免有辜彼苍之厚,https://book.douban.com/subject/1088581/,1999.0,（清）沈复,,5-10万,20-40元,1990.0年代,8.5-9分优秀,20,1,42.402943901420805,"['笔墨', '彼苍之厚', '苟不记之']"
奥斯维辛,[英] 劳伦斯·里斯,刘爽,广西师范大学出版社,9.0,9.5,11784,,https://book.douban.com/subject/26861418/,,[英] 劳伦斯·里斯,,1-5万,0-20元,未知,9分以上神作,1,1,38.67728097142845,[]
庄子,孙通海 译注,孙通海  译注,中华书局,4.0,9.4,13447,野马也，尘埃也，生物之以息相吹也,https://book.douban.com/subject/2046236/,,孙通海 译注,,1-5万,0-20元,未知,9分以上神作,1,1,38.809078805833934,"['息相吹也', '尘埃也', '野马也']"
坟,鲁迅,人民文学出版社,2006-12,16.0,9.6,13880,,https://book.douban.com/subject/1974029/,2006.0,鲁迅,,1-5万,0-20元,2000.0年代,9分以上神作,20,6,39.76693887474083,[]
论语,刘胜利,中华书局,2006-12,9.8,9.1,26306,仁远乎哉？我欲仁，斯仁至矣,https://book.douban.com/subject/1964774/,2006.0,刘胜利,,1-5万,0-20元,2000.0年代,9分以上神作,3,1,40.222498823586754,"['我欲仁', '斯仁至矣', '仁远乎哉']"
你一生的故事,[美] 特德·姜,李克勤,译林出版社,5.0,8.8,39722,特德·姜科幻小说集,https://book.douban.com/subject/26295448/,,[美] 特德·姜,,1-5万,0-20元,未知,8.5-9分优秀,1,1,40.4714737422292,"['说集', '姜科幻小', '特德']"
渴望生活,[美] 欧文·斯通,常涛,北京十月文艺出版社,4.0,9.1,12358,梵高悲惨而成就辉煌的人生,https://book.douban.com/subject/3054821/,,[美] 欧文·斯通,,1-5万,0-20元,未知,9分以上神作,1,1,37.23672853699489,"['煌的人生', '而成就辉', '梵高悲惨']"
野火集,龙应台,文汇出版社,2005-8,25.0,8.7,35953,中国人，你为什么不生气,https://book.douban.com/subject/1426971/,2005.0,龙应台,,1-5万,20-40元,2000.0年代,8.5-9分优秀,1,2,39.634895672317356,"['不生气', '中国人', '你为什么']"
会饮篇,[古希腊] 柏拉图,王太庆,商务印书馆,1.0,9.3,13761,,https://book.douban.com/subject/21570668/,,[古希腊] 柏拉图,,1-5万,0-20元,未知,9分以上神作,1,2,38.4894449521203,[]
银河系漫游指南,[英] 道格拉斯·亚当斯,徐百柯,四川科学技术出版社,6.0,8.8,23920,一场穿越银河的冒险,https://book.douban.com/subject/1394364/,,[英] 道格拉斯·亚当斯,,1-5万,0-20元,未知,8.5-9分优秀,1,1,38.533098342784086,"['一场穿越', '银河的冒']"
金锁记,张爱玲,哈尔滨出版社,2005-6,13.5,8.7,67314,一个小商人家庭出身的女子曹七巧的心灵变迁历程,https://book.douban.com/subject/3017857/,2005.0,张爱玲,,5-10万,0-20元,2000.0年代,8.5-9分优秀,4,3,42.00451696612949,"['身的女子', '历程', '心灵变迁']"
黑箱：日本之耻,[日] 伊藤诗织,匡匡,雅众文化/中信出版集团,4.0,8.9,26315,,https://book.douban.com/subject/30484795/,,[日] 伊藤诗织,,1-5万,0-20元,未知,8.5-9分优秀,1,1,39.33981003174434,[]
哈姆莱特,[英] 莎士比亚,朱生豪,人民文学出版社,1.0,8.7,53890,生存还是毁灭，这是一个值得思考的问题,https://book.douban.com/subject/1006197/,,[英] 莎士比亚,,5-10万,0-20元,未知,8.5-9分优秀,1,1,41.16412119728542,"['值得思考', '的问题', '这是一个']"
二手时间,[白俄] S. A. 阿列克谢耶维奇,吕宁思,中信出版社,1.0,8.9,28387,,https://book.douban.com/subject/26704403/,,[白俄] S. A. 阿列克谢耶维奇,,1-5万,0-20元,未知,8.5-9分优秀,1,1,39.63276353009962,[]
分成两半的子爵,[意] 伊塔洛·卡尔维诺,吴正仪,译林出版社,1.0,8.8,33509,,https://book.douban.com/subject/10555486/,,[意] 伊塔洛·卡尔维诺,,1-5万,0-20元,未知,8.5-9分优秀,3,3,39.821420913966605,[]
象棋的故事,[奥] 斯蒂芬·茨威格,张玉书,上海译文出版社,7.0,9.1,14307,纳粹法西斯对人心灵的折磨及摧残,https://book.douban.com/subject/2158684/,,[奥] 斯蒂芬·茨威格,,1-5万,0-20元,未知,9分以上神作,2,2,37.81549205209712,"['斯对人心', '灵的折磨', '纳粹法西']"
规训与惩罚,[法] 米歇尔·福柯,刘北成,生活·读书·新知三联书店,1.0,9.3,12293,,https://book.douban.com/subject/1012307/,,[法] 米歇尔·福柯,,1-5万,0-20元,未知,9分以上神作,1,1,38.033818299080224,[]
变形记,[奥地利] 弗朗茨·卡夫卡,彤雅立,北京燕山出版社,1.0,9.2,21029,,https://book.douban.com/subject/35218475/,,[奥地利] 弗朗茨·卡夫卡,,1-5万,0-20元,未知,9分以上神作,1,1,39.769931313268025,[]
你好，旧时光（上 下）,八月长安,新世界出版社,2009-12,39.8,8.7,51895,原作名切题,https://book.douban.com/subject/4166819/,2009.0,八月长安,,5-10万,20-40元,2000.0年代,8.5-9分优秀,2,2,41.021591991701015,['原作名切']
解忧杂货店,[日] 东野圭吾,李盈春,南海出版公司,5.0,8.5,779306,,https://book.douban.com/subject/25862578/,,[日] 东野圭吾,,50-100万,0-20元,未知,8.5-9分优秀,1,4,50.079518169607944,[]
白痴,[俄] 陀思妥耶夫斯基,荣如德,上海译文出版社,1.0,9.3,15193,,https://book.douban.com/subject/25887933/,,[俄] 陀思妥耶夫斯基,,1-5万,0-20元,未知,9分以上神作,3,3,38.889284901905945,[]
康熙的红票,孙立天,商务印书馆,2024-3,78.0,9.3,12437,,https://book.douban.com/subject/36794613/,2024.0,孙立天,,1-5万,60-100元,2020.0年代,9分以上神作,2,1,38.080855399252144,[]
打开一颗心,[英] 斯蒂芬·韦斯塔比,高天羽,广西师范大学出版社,4.0,9.1,14346,,https://book.douban.com/subject/30277179/,,[英] 斯蒂芬·韦斯塔比,,1-5万,0-20元,未知,9分以上神作,1,1,37.82625052114471,[]
时间的秩序,[意] 卡洛·罗韦利,杨光,湖南科学技术出版社,6.0,8.9,24548,,https://book.douban.com/subject/33424487/,,[意] 卡洛·罗韦利,,1-5万,0-20元,未知,8.5-9分优秀,1,1,39.071143420045864,[]
夏洛的网,[美] E.B.怀特,任溶溶,上海译文出版社,5.0,8.7,73635,,https://book.douban.com/subject/1036274/,,[美] E.B.怀特,,5-10万,0-20元,未知,8.5-9分优秀,1,1,42.34363333305328,[]
顾城的诗,顾城,人民文学出版社,1998-12,20.0,8.8,27852,,https://book.douban.com/subject/1033825/,1998.0,顾城,,1-5万,0-20元,1990.0年代,8.5-9分优秀,20,1,39.11473620123118,[]
红星照耀中国,[美] 埃德加·斯诺埃,董乐山,人民文学出版社,6.0,9.2,25260,,https://book.douban.com/subject/26820347/,,[美] 埃德加·斯诺埃,,1-5万,0-20元,未知,9分以上神作,1,1,40.502386785217666,[]
贾想 I,贾樟柯,台海出版社,2017-6-1,49.0,9.0,15219,,https://book.douban.com/subject/27062726/,2017.0,贾樟柯,,1-5万,40-60元,2010.0年代,9分以上神作,1,1,37.6414750533336,[]
